id_registro,titulo,autores,ano,periodico,doi,url,url_pdf_aberto,resumo,fontes,consultas_busca,pontuacao_relevancia,status_pre_triagem_ia,escore_aderencia_ia,recomendacao_ia,confianca_ia,bloco_tematico_ia,criterio_inclusao_ia,criterio_exclusao_ia,justificativa_ia,decisao_titulo_resumo,motivo_exclusao_titulo_resumo,texto_completo_local,decisao_texto_completo,motivo_exclusao_texto_completo,incluir_final,observacoes,pais_contexto,objetivo_estudo,desenho_metodo,amostra_base,achados_principais,limitacoes,contribuicao_pergunta
semantic_scholar:daf0642c3cc63c4fe571e7d8a2c7fd20371e796d,Telehealth Intervention: A Proposal for a Telemedicine Manual to Ascertain the Civil Disability Status in Italy,N. Di Fazio; G. Delogu; D. Morena; Eugenia Carfora; Dalila Tripi; R. Rinaldi; P. Frati; V. Fineschi,2024,International Journal of Environmental Research and Public Health,10.3390/ijerph21030253,https://www.semanticscholar.org/paper/daf0642c3cc63c4fe571e7d8a2c7fd20371e796d,https://www.mdpi.com/1660-4601/21/3/253/pdf?version=1708613056,"(1) This paper aims to propose a telematic method for assessing the state of disability by a social worker member of the Medico-Legal Commissions of INPS. (2) We have proceeded to delve into and compare the current methods with new strategies to enhance the experience linked to the assessment of the status of disability in terms of timing and accessibility, eliminating the need for a direct visit. (3) The proposed protocol can be applied in cases where patients cannot be physically moved, following a medical visit at home, and when the mere evaluation of documents is sufficient. In both cases, a remote session with the Commission is necessary to fill in the required information about the socio-environmental section. This protocol can be applied to different platforms such as Skype™ since it is free and widely used throughout the country. (4) It should be noted that telemedicine solutions cannot completely replace face-to-face interaction; however, in some limited cases, they can optimize the process and timing, avoiding the need to move or interact only by telephone.",core; semantic_scholar,core:telepericia_avaliacao_remota:telepericia_avaliacao_remota_2; semantic_scholar:telepericia_avaliacao_remota:telepericia_avaliacao_remota_2,0,CONCLUIDA,92,PRIORIDADE_ALTA,96,Teleperícia e avaliação remota,"Estudo que aborda avaliação médica remota/teleperícia aplicada à determinação de status de deficiência, com discussão de análise documental, acessibilidade e tempo do processo.",,"O resumo descreve proposta de método telemático para aferição de status de deficiência no contexto médico-legal do INPS, incluindo comparação com métodos atuais, uso de documentos, sessão remota com comissão e otimização de tempo e acessibilidade. Alta aderência ao redesenho de fluxo entre análise documental e avaliação remota.",INCLUIR,,,INCLUIR,,SIM,Curadoria v2 gerada por IA conforme prompt estruturado; revisar XLSX antes da submissão formal.,Itália; comissões médico-legais ligadas ao INPS,Propor método telemático/manual de telemedicina para apuração do status de deficiência civil em contexto médico-legal.,Artigo propositivo/normativo com comparação entre métodos atuais e estratégia remota proposta.,Não aplicável; proposta de protocolo e manual.,"Sugere protocolo remoto aplicável quando a documentação é suficiente ou quando há impossibilidade de deslocamento, com sessão remota da comissão para completar informações socioambientais. Reconhece que a telemedicina não substitui integralmente a avaliação presencial.","Baixa base empírica; caráter propositivo; foco em deficiência civil e não especificamente benefício por incapacidade temporária; sem avaliação robusta de desempenho, segurança ou confiabilidade.","Contribui diretamente para o debate sobre teleperícia, critérios de elegibilidade para avaliação remota e desenho de fluxo híbrido com ganhos de acesso e tempo."
crossref:10.1080/09638288.2017.1366556,Assessing work disability for social security benefits: international models for the direct assessment of work capacity,Geiger; Garthwaite; Warren; Bambra,2018,Disability and Rehabilitation,10.1080/09638288.2017.1366556,https://doi.org/10.1080/09638288.2017.1366556,https://www.tandfonline.com/doi/pdf/10.1080/09638288.2017.1366556?needAccess=true,"PURPOSE: It has been argued that social security disability assessments should directly assess claimants' work capacity, rather than relying on proxies such as on functioning. However, there is little academic discussion of how such assessments could be conducted. METHOD: The article presents an account of different models of direct disability assessments based on case studies of the Netherlands, Germany, Denmark, Norway, the United States of America, Canada, Australia, and New Zealand, utilising over 150 documents and 40 expert interviews. RESULTS: Three models of direct work disability assessments can be observed: (i) structured assessment, which measures the functional demands of jobs across the national economy and compares these to claimants' functional capacities; (ii) demonstrated assessment, which looks at claimants' actual experiences in the labour market and infers a lack of work capacity from the failure of a concerned rehabilitation attempt; and (iii) expert assessment, based on the judgement of skilled professionals. CONCLUSIONS: Direct disability assessment within social security is not just theoretically desirable, but can be implemented in practice. We have shown that there are three distinct ways that this can be done, each with different strengths and weaknesses. Further research is needed to clarify the costs, validity/legitimacy, and consequences of these different models. Implications for rehabilitation It has recently been argued that social security disability assessments should directly assess work capacity rather than simply assessing functioning - but we have no understanding about how this can be done in practice. Based on case studies of nine countries, we show that direct disability assessment can be implemented, and argue that there are three different ways of doing it. These are ""demonstrated assessment"" (using claimants' experiences in the labour market), ""structured assessment"" (matching functional requirements to workplace demands), and ""expert assessment"" (the judgement of skilled professionals). While it is possible to implement a direct assessment of work capacity for social security benefits, further research is necessary to understand how best to maximise validity, legitimacy, and cost-effectiveness.",crossref; openalex; pubmed,crossref:beneficios_incapacidade_avaliacao_medico_pericial:beneficios_incapacidade_avaliacao_medico_pericial_1; openalex:analise_documental_elegibilidade:analise_documental_elegibilidade_1; pubmed:beneficios_incapacidade_avaliacao_medico_pericial:beneficios_incapacidade_avaliacao_medico_pericial_1,0,CONCLUIDA,90,PRIORIDADE_ALTA,95,Benefícios por incapacidade e avaliação médico-pericial,"Estudo analisa modelos internacionais de avaliação direta da capacidade laboral para benefícios de seguridade social, com comparação institucional entre países e discussão de métodos de assessment.","Não aborda explicitamente teleperícia ou fluxo operacional entre modalidades, mas isso não impede inclusão potencial por forte aderência ao eixo de avaliação médico-pericial e qualidade decisória.","O resumo mostra clara relação com avaliação de incapacidade para benefícios sociais, modelos de decisão, capacidade laboral e desenho institucional de assessment. É altamente pertinente para informar alternativas de avaliação e critérios decisórios.",INCLUIR,,,INCLUIR,,SIM,Curadoria v2 gerada por IA conforme prompt estruturado; revisar XLSX antes da submissão formal.,"Comparativo internacional: Países Baixos, Alemanha, Dinamarca, Noruega, EUA, Canadá, Austrália e Nova Zelândia",Descrever e comparar modelos internacionais de avaliação direta da capacidade para o trabalho em benefícios por incapacidade.,"Estudo comparativo qualitativo com estudos de caso, análise documental de mais de 150 documentos e 40 entrevistas com especialistas.",8 países; >150 documentos; 40 entrevistas com especialistas.,"Identifica três modelos de avaliação direta: estruturado, demonstrado e pericial. Mostra que a avaliação direta é operacionalizável e que cada modelo tem trade-offs em validade, legitimidade, custo e implementação.","Não testa desempenho empírico comparado entre modelos; sem avaliação quantitativa de acurácia, custo-efetividade ou impacto distributivo.",Ajuda a fundamentar o redesenho do fluxo PMF/ATESTMED ao mostrar alternativas de estruturação decisória e a necessidade de critérios explícitos e auditáveis antes da automação.
crossref:10.35371/aoem.2025.37.e24,Medical certification in sickness benefit scheme (II): practical approaches for evaluating work disability,Kim; Kim,2025,Annals of Occupational and Environmental Medicine,10.35371/aoem.2025.37.e24,https://doi.org/10.35371/aoem.2025.37.e24,https://europepmc.org/articles/PMC12671957?pdf=render,"Work disability evaluation plays a central role in medical certification in sickness benefit schemes. This guides effective decision making for return-to-work timelines. Countries that incorporate it have varied approaches. To improve fairness and consistency, Sweden adopted disease-specific guidelines, particularly for complex health conditions such as mental disorders, cancer, and neurological diseases, whereas in the United Kingdom, a fit note system highlights the ease of fitness-for-work assessments in clinical settings. For a successful implementation of the sickness benefit scheme in Korea, it is essential to review international acumen in work disability evaluation and medical certification. This study also examines challenges that physicians face in certification, factors influencing assessments, and the usefulness of disease-specific guidelines. In many countries, administrative burdens, uncertainty in diagnosis, and ethical conflicts complicate physicians' tasks. Countries such as Sweden, France, and Ireland, have addressed these issues by developing structured certification tools and support systems. Learnings from the recent Korean pilot programs, this review identifies the following core priorities: developing disease-specific guidelines, providing clinical support for physicians’ decisions, and integrating occupational health expertise. These guidelines should function not only as administrative checklists, but also as potential clinical tools that consider both patient functionality and job characteristics. Finally, this study offers policy and practical insights to help design a consistent and fair medical certification system for Korea’s sickness benefit program that encourages timely medical intervention, prevents presenteeism, and promotes sustainable workforce reintegration.",crossref; europe_pmc; pubmed; semantic_scholar,crossref:beneficios_incapacidade_avaliacao_medico_pericial:beneficios_incapacidade_avaliacao_medico_pericial_3; europe_pmc:beneficios_incapacidade_avaliacao_medico_pericial:beneficios_incapacidade_avaliacao_medico_pericial_3; pubmed:analise_documental_elegibilidade:analise_documental_elegibilidade_2; pubmed:beneficios_incapacidade_avaliacao_medico_pericial:beneficios_incapacidade_avaliacao_medico_pericial_3; semantic_scholar:beneficios_incapacidade_avaliacao_medico_pericial:beneficios_incapacidade_avaliacao_medico_pericial_3,0,CONCLUIDA,88,PRIORIDADE_ALTA,92,Benefícios por incapacidade e avaliação médico-pericial,"Analisa certificação médica em esquema de benefício por doença, avaliação de incapacidade laboral, diretrizes estruturadas, apoio à decisão e consistência/fairness nas avaliações.",Nenhum critério de exclusão evidente no título/resumo.,"Título e resumo tratam diretamente de avaliação de incapacidade para benefícios por doença e certificação médica, incluindo diretrizes, desafios decisórios e ferramentas estruturadas em diferentes países. Há aderência clara aos eixos de avaliação médico-pericial, elegibilidade documental e qualidade/consistência decisória.",INCLUIR,,,INCLUIR,,SIM,Curadoria v2 gerada por IA conforme prompt estruturado; revisar XLSX antes da submissão formal.,"Coreia com comparação internacional, incluindo Suécia, Reino Unido, França e Irlanda",Examinar abordagens práticas para avaliação de incapacidade laboral na certificação médica de benefícios por doença e identificar prioridades para implementação de esquema de benefício.,Revisão narrativa/comparativa de experiências internacionais e desafios de certificação médica.,Não aplicável; síntese de modelos e experiências institucionais internacionais.,"Destaca utilidade de diretrizes específicas por doença, ferramentas estruturadas de certificação, apoio clínico à decisão e integração com saúde ocupacional para melhorar justiça e consistência. Identifica carga administrativa, incerteza diagnóstica e conflitos éticos como barreiras relevantes.","Revisão não sistemática; foco em certificação clínica e política comparada, com pouca avaliação empírica de impacto e sem IA/teleperícia.","Oferece base para o componente normativo do redesenho do fluxo: protocolos, critérios por condição, apoio ao decisor e redução de heterogeneidade."
openalex:https://openalex.org/W2159370636,The development of instruments to measure the work disability assessment behaviour of insurance physicians,Romy Steenbeek; Antonius JM Schellart; Henny Mulders; Johannes R. Anema; Herman Kroneman; Jan Besseling,2011,BMC Public Health,10.1186/1471-2458-11-1,https://doi.org/10.1186/1471-2458-11-1,https://bmcpublichealth.biomedcentral.com/counter/pdf/10.1186/1471-2458-11-1,"BACKGROUND: Variation in assessments is a universal given, and work disability assessments by insurance physicians are no exception. Little is known about the considerations and views of insurance physicians that may partly explain such variation. On the basis of the Attitude--Social norm--self Efficacy (ASE) model, we have developed measurement instruments for assessment behaviour and its determinants. METHODS: Based on theory and interviews with insurance physicians the questionnaire included blocks of items concerning background variables, intentions, attitudes, social norms, self-efficacy, knowledge, barriers and behaviour of the insurance physicians in relation to work disability assessment issues. The responses of 231 insurance physicians were suitable for further analysis. Factor analysis and reliability analysis were used to form scale variables and homogeneity analysis was used to form dimension variables. Thus, we included 169 of the 177 original items. RESULTS: Factor analysis and reliability analysis yielded 29 scales with sufficient reliability. Homogeneity analysis yielded 19 dimensions. Scales and dimensions fitted with the concepts of the ASE model. We slightly modified the ASE model by dividing behaviour into two blocks: behaviour that reflects the assessment process and behaviour that reflects assessment behaviour.The picture that emerged from the descriptive results was of a group of physicians who were motivated in their job and positive about the Dutch social security system in general. However, only half of them had a positive opinion about the Dutch Work and Income (Capacity for Work) Act (WIA). They also reported serious barriers, the most common of which was work pressure. Finally, 73% of the insurance physicians described the majority of their cases as 'difficult'. CONCLUSIONS: The scales and dimensions developed appear to be valid and offer a promising basis for future research. The results suggest that the underlying ASE model, in modified form, is suitable for describing the assessment behaviour of insurance physicians and the determinants of this behaviour. The next step in this line of research should be to validate the model using structural equation modelling. Finally, the predictive value should be tested in relation to outcome measurements of work disability assessments.",openalex,openalex:analise_documental_elegibilidade:analise_documental_elegibilidade_2; openalex:beneficios_incapacidade_avaliacao_medico_pericial:beneficios_incapacidade_avaliacao_medico_pericial_3,0,CONCLUIDA,82,PRIORIDADE_ALTA,91,Benefícios por incapacidade e avaliação médico-pericial,"Estudo analisa comportamento de avaliação de médicos do seguro em work disability assessment, incluindo variação decisória e determinantes.",Nenhum critério de exclusão claramente aplicável pelo resumo.,"Alta aderência aparente: trata diretamente de avaliação de incapacidade laboral por médicos peritos/seguro, variação nas avaliações e instrumentos para medir comportamento decisório, tema útil para qualidade, padronização e controle.",INCLUIR,,,INCLUIR,,SIM,Curadoria v2 gerada por IA conforme prompt estruturado; revisar XLSX antes da submissão formal.,Países Baixos; médicos peritos/insurance physicians em avaliação de incapacidade laboral,Desenvolver instrumentos para medir o comportamento de avaliação de incapacidade laboral de médicos peritos e seus determinantes.,"Estudo metodológico de desenvolvimento e validação inicial de questionário, baseado no modelo ASE, com análise fatorial, confiabilidade e análise de homogeneidade.",231 médicos peritos/insurance physicians com respostas utilizáveis.,"Foram obtidas 29 escalas com confiabilidade suficiente e 19 dimensões alinhadas ao modelo teórico. O estudo mostra que a variação decisória pode ser decomposta em fatores mensuráveis ligados a atitudes, normas, autoeficácia, conhecimento, barreiras e comportamento no processo avaliativo.",Foco em autorrelato e contexto institucional específico; não mede diretamente acurácia decisória nem desfechos administrativos; sem componente digital ou automatizado.,"Ajuda a estruturar o redesenho do fluxo PMF ao mostrar que a qualidade decisória depende de fatores observáveis e passíveis de padronização, auditoria e suporte por protocolos ou sistemas inteligentes."
semantic_scholar:38751410ad9679234d66dc6f80e9c29dc676e894,Medical certification in sickness benefit schemes (I): theoretical perspectives and return-to-work,Yangwoo Kim; Inah Kim,2025,Annals of Occupational and Environmental Medicine,10.35371/aoem.2025.37.e23,https://www.semanticscholar.org/paper/38751410ad9679234d66dc6f80e9c29dc676e894,https://europepmc.org/articles/PMC12671951?pdf=render,"This study explores the theoretical foundations and practical applications of medical certification within the sickness benefit systems, particularly in the context of Korea’s pilot program and its planned national rollout. While sickness benefit systems have long existed in many Organization for Economic Cooperation and Development (OECD) countries, Korea has only recently initiated pilot projects, largely prompted by the coronavirus disease 2019 pandemic. These systems aim to compensate for income loss due to illness or injury, and medical certification plays a central role in determining eligibility and work ability. This study defines medical certification as a two-stage process: clinical diagnosis and formal assessment of a worker’s ability to return-to-work. The dual nature highlights the distinct objectives of the medical treatment and social security policies. Drawing on international practices, this study reviews the International Classification of Functioning, Disability, and Health (ICF) as a key global framework for assessing disability and work ability, although it acknowledges the limitations of its application to sickness benefits. The research emphasizes a shift in global trends toward return-to-work–oriented certification models, such as the UK’s “fit note” system, which focuses on evaluating fitness-for-work rather than merely documenting illness. Sweden and Japan also offer models that integrate rehabilitation with flexible work accommodations. Three key issues were identified in Korea’s system: the role of medical certification and concerns about moral hazard, the burden of proof and workload on physicians, and public perceptions of the program’s purpose. We believe that medical certification should not only verify illness but also support early intervention and a healthy workforce. Ultimately, this study advocates for a balanced and efficient medical certification system tailored to Korea’s healthcare context closely aligning with labor market policies to ensure long-term sustenance and integration of the sickness benefit program.",europe_pmc; pubmed; semantic_scholar,europe_pmc:analise_documental_elegibilidade:analise_documental_elegibilidade_2; europe_pmc:beneficios_incapacidade_avaliacao_medico_pericial:beneficios_incapacidade_avaliacao_medico_pericial_3; pubmed:analise_documental_elegibilidade:analise_documental_elegibilidade_2; pubmed:beneficios_incapacidade_avaliacao_medico_pericial:beneficios_incapacidade_avaliacao_medico_pericial_3; semantic_scholar:beneficios_incapacidade_avaliacao_medico_pericial:beneficios_incapacidade_avaliacao_medico_pericial_3,0,CONCLUIDA,82,PRIORIDADE_ALTA,90,Análise documental e elegibilidade,"Estudo/revisão sobre certificação médica em esquemas de benefício por doença, elegibilidade e avaliação da capacidade para retorno ao trabalho, com comparação internacional.",Não há exclusão aparente pelos metadados.,"O resumo é diretamente alinhado ao tema: certificação médica em benefícios por doença, determinação de elegibilidade e capacidade laboral, distinção entre cuidado clínico e política de seguridade, e revisão de práticas internacionais. Pode oferecer evidência útil para desenho de critérios e fluxo decisório.",INCLUIR,,,INCLUIR,,SIM,Curadoria v2 gerada por IA conforme prompt estruturado; revisar XLSX antes da submissão formal.,Coreia do Sul com comparação internacional/OECD,"Examinar fundamentos teóricos e aplicações práticas da certificação médica em esquemas de sickness benefit, com foco no piloto coreano e em tendências internacionais.",Revisão narrativa/ensaio analítico de políticas comparadas.,Sem amostra empírica primária; análise documental e comparativa de sistemas.,"A certificação médica é apresentada como processo em duas etapas; destaca-se a CIF/ICF e a tendência a modelos orientados à capacidade para o trabalho e retorno ao trabalho, como o fit note.","Sem avaliação empírica de implementação; pouca aderência a IA, automação ou teleperícia; foco mais amplo em sickness benefit.",Ajuda a separar ato clínico de ato certificador e a discutir critérios estruturados de elegibilidade e capacidade laboral no redesenho do fluxo.
openalex:https://openalex.org/W2016129290,"Evaluation of work disability and the international classification of functioning, disability and health: what to expect and what not",Jessica Anner; Urban Schwegler; Regina Kunz; Bruno Trezzini; Wout de Boer,2012,BMC Public Health,10.1186/1471-2458-12-470,https://doi.org/10.1186/1471-2458-12-470,https://bmcpublichealth.biomedcentral.com/counter/pdf/10.1186/1471-2458-12-470,"BACKGROUND: Individuals who are sick and unable to work may receive wage replacement benefits from an insurer. For these provisions, a disability evaluation is required. This disability evaluation is criticised for lack of standardisation and transparency. The International Classification of Functioning, Disability and Health (ICF) was developed to express the situation of people with disability. We discuss potential benefits of the ICF to structure and phrase disability evaluation in the field of social insurance. We describe core features of disability evaluation of the ICF across countries. We address how and to what extent the ICF may be applied in disability evaluation. DISCUSSION: The medical reports in disability evaluation contain the following core features: health condition, functional capacity, socio-medical history, feasibility of interventions and prognosis of work disability. Reports also address consistency, causal relations according to legal requirements, and ability to work. The ICF consists of a conceptual framework of functioning, disability and health, definitions referring to functioning, disability and health, and a hierarchical classification of these definitions. The ICF component 'activities and participation' is suited to capture functional capacity. Interventions can be described as environmental factors but these would need an additional qualifier to indicate feasibility. The components 'participation' and 'environmental factors' are suited to capture work requirements. The socio-medical history, the prognosis, and legal requirements are problematic to capture with both the ICF framework and classification. SUMMARY: The ICF framework reflects modern thinking in disability evaluation. It allows for the medical expert to describe work disability as a bio-psycho-social concept, and what components are of importance in disability evaluation for the medical expert. The ICF definitions for body functions, structures, activity and participation, and environmental factors cover essential parts of disability evaluation. The ICF framework and definitions are however limited with respect to comprehensive descriptions of work disability.",openalex,openalex:analise_documental_elegibilidade:analise_documental_elegibilidade_3,0,CONCLUIDA,78,PRIORIDADE_ALTA,86,Benefícios por incapacidade e avaliação médico-pericial,"Analisa avaliação de incapacidade para benefícios/substituição salarial e discute padronização, transparência e estruturação de relatórios médicos no campo do seguro social.",,"Título e resumo tratam diretamente de disability evaluation no contexto de social insurance, incluindo relatórios médicos, capacidade funcional, requisitos legais e transparência decisória. Aparentemente aderente ao eixo de avaliação médico-pericial e qualidade/estrutura da decisão.",INCLUIR,,,INCLUIR,,SIM,Curadoria v2 gerada por IA conforme prompt estruturado; revisar XLSX antes da submissão formal.,Contexto internacional de seguro social,Discutir o que a CIF/ICF pode e não pode oferecer à avaliação de incapacidade laboral em seguros sociais.,Artigo de discussão conceitual e análise aplicada de framework.,Sem amostra empírica; análise de componentes da avaliação e aplicabilidade da CIF/ICF.,"A CIF/ICF é útil para estruturar capacidade funcional e linguagem comum, mas não resolve sozinha exigências legais, causalidade, consistência e prognóstico; requer complementação por regras e qualificadores.",Não testa implementação operacional; ausência de avaliação quantitativa de impacto; não aborda tecnologia digital diretamente.,"Fornece base para construir protocolos auditáveis e padronizados, essenciais para automação documental, suporte decisório e consistência pericial."
crossref:10.4103/jfmpc.jfmpc_692_21,"International Classification of Functioning, Disability, and Health augmented by telemedicine and artificial intelligence for assessment of functional disability",Vasudeva; Sheikh; Sahu,2021,Journal of Family Medicine and Primary Care,10.4103/jfmpc.jfmpc_692_21,https://doi.org/10.4103/jfmpc.jfmpc_692_21,https://doi.org/10.4103/jfmpc.jfmpc_692_21,"The concept of functional disability is aligned with the biopsycho-social model of disability. However, there are reasons why the antiquated measurement of medical impairment continues to be in use. We propose solutions for a fairer process using the International Classification of Functioning, Disability, and Health (ICF) at the level of the medical boards augmented by telemedicine and artificial intelligence (AI). The proposed technologies (Level 1 and Level 2 AI) need to be tried in pilot projects. It will accomplish two goals, the first being the measurement of disability and not merely the impairment. Second, and perhaps more importantly, making the process more transparent in creating a “just” society.",crossref; openalex; semantic_scholar,crossref:telepericia_avaliacao_remota:telepericia_avaliacao_remota_2; openalex:telepericia_avaliacao_remota:telepericia_avaliacao_remota_2; semantic_scholar:telepericia_avaliacao_remota:telepericia_avaliacao_remota_2,0,CONCLUIDA,72,PRIORIDADE_ALTA,84,Teleperícia e avaliação remota,"Discute avaliação de deficiência/funcionalidade com ICF em medical boards, augmentada por telemedicina e IA, com ênfase em transparência do processo.","Pode ser artigo conceitual/propositivo, sem evidência empírica robusta explícita no resumo.","O resumo menciona explicitamente assessment of functional disability no nível de medical boards, uso de telemedicina e IA, transparência e justiça do processo. Há aderência clara aos eixos de avaliação remota, qualidade decisória e controle, ainda que a natureza pareça mais propositiva do que empírica.",INCLUIR,,,INCLUIR,,SIM,Curadoria v2 gerada por IA conforme prompt estruturado; revisar XLSX antes da submissão formal.,Contexto internacional,"Propor o uso da CIF/ICF, ampliada por telemedicina e inteligência artificial, para tornar a avaliação de deficiência/incapacidade mais justa, funcional e transparente.",Artigo conceitual/propositivo com discussão de modelo e recomendação de pilotos.,Sem amostra empírica principal; discussão teórico-aplicada.,Defende substituir foco restrito em impairment por avaliação funcional biopsicossocial; sugere IA em níveis graduais e telemedicina como suporte à mensuração funcional e à transparência do processo decisório.,"Baixa validação empírica; não testa desempenho, acurácia, impacto operacional ou riscos de implementação; aplicabilidade administrativa depende de adaptação institucional.","Ajuda a estruturar um modelo de avaliação remota e assistida por IA ancorado em funcionalidade, padronização e transparência, diretamente relevante ao redesenho do fluxo pericial."
semantic_scholar:f854bb67fbb1885b831ece54c56d148e7ab82441,The assessment of capacity limitations in psychiatric work disability evaluations by the social functioning scale Mini-ICF-APP,T. Rosburg; R. Kunz; B. Trezzini; Urban Schwegler; J. Jeger,2021,BMC Psychiatry,10.1186/s12888-021-03467-w,https://www.semanticscholar.org/paper/f854bb67fbb1885b831ece54c56d148e7ab82441,https://bmcpsychiatry.biomedcentral.com/track/pdf/10.1186/s12888-021-03467-w,"Objective Insurers frequently commission medical experts to estimate the degree of the remaining work capacity (RWC) in claimants for disability benefits. The social functioning scale Mini-ICF-APP allows for a rating of activity and participation limitations in thirteen capacity domains, considered as particularly relevant for work ability. The current study sought to evaluate the role of the Mini-ICF-APP ratings in psychiatric work disability evaluations, by examining how the capacity limitation ratings varied with the claimants’ primary psychiatric diagnoses and how the ratings were related to RWC estimates. Methods Medical experts estimated the RWC of 946 claimants with mental disorders and rated their activity and participation limitations using the Mini-ICF-APP, with higher ratings reflecting more severe limitations. The ratings were compared between claimants with different psychiatric diagnoses by analyses of variance. The mean Mini-ICF-APP rating across all capacity domains as well as all capacity-specific ratings were entered in simple or multiple regression models to predict the RWC in an alternative job. Results The Mini-ICF-APP capacity limitation ratings in all domains but mobility were higher for claimants with personality and behavior disorders as compared to those with mood disorders or with neurotic, stress-related and somatoform disorders. The largest differences were observed in social capacities (e.g. group integration: F 2, 847 = 78.300, P 16.393, all Ps < 0.001). In the overall sample, the mean Mini-ICF-APP rating showed a strong negative correlation with the estimated RWC (r = −.720, P < 0.001). Adding the capacity-specific ratings to the prediction model improved this prediction only marginally. Discussion The Mini-ICF-APP allows for documenting claimants’ activity and participation limitations, which is likely to increase the transparency of medical experts’ RWC estimates and enables them to check the plausibility of such estimates. However, our study showed that despite the strong association between RWC and Mini-ICF-APP ratings, half of the RWC variance was unrelated to the capacity limitations documented in the Mini-ICF-APP.",semantic_scholar,semantic_scholar:beneficios_incapacidade_avaliacao_medico_pericial:beneficios_incapacidade_avaliacao_medico_pericial_1,0,CONCLUIDA,74,REVISAR_HUMANO,80,Benefícios por incapacidade e avaliação médico-pericial,"Estudo sobre avaliações de incapacidade laboral para benefícios, estimativa de capacidade residual de trabalho e uso de escala estruturada por peritos.","Não aborda explicitamente teleperícia, análise documental ou gestão de filas.",Resumo diretamente ligado a avaliações periciais de incapacidade laboral para seguradoras/benefícios e à relação entre limitações funcionais e capacidade residual de trabalho. Pode informar qualidade e padronização decisória.,INCLUIR,,,INCLUIR,,SIM,Curadoria v2 gerada por IA conforme prompt estruturado; revisar XLSX antes da submissão formal.,Suíça/seguro social,Avaliar o papel da escala Mini-ICF-APP nas avaliações psiquiátricas de incapacidade laboral e sua relação com estimativas de capacidade residual para o trabalho.,Estudo observacional analítico com regressões sobre dados de avaliações periciais.,946 requerentes com transtornos mentais submetidos a avaliação de incapacidade para benefícios.,"As limitações de capacidade medidas pela Mini-ICF-APP variaram por diagnóstico e se associaram às estimativas de capacidade residual para o trabalho, indicando utilidade do instrumento para estruturar a decisão.",Foco em saúde mental e contexto seguritário específico; não avalia teleperícia nem automação; possível dependência de práticas locais de peritos.,"Mostra que instrumentos estruturados podem reduzir subjetividade e servir de base para protocolos, formulários digitais e suporte decisório auditável."
openalex:https://openalex.org/W2888771238,"Toward a low-cost, in-home, telemedicine-enabled assessment of disability in multiple sclerosis",Riley Bove; Carolyn Bevan; Elizabeth Crabtree; Chao Zhao; Refujia Gomez; Priya Garcha; John Morrissey; Jason Dierkhising; Ari Green; Stephen L. Hauser; Bruce Cree; Mitchell T. Wallin; Jeffrey M. Gelfand,2018,Multiple Sclerosis Journal,10.1177/1352458518793527,https://doi.org/10.1177/1352458518793527,https://core.ac.uk/download/427166813.pdf,"Background: Remote assessment of neurological disability in people with multiple sclerosis (MS) could improve access to clinical care and efficiency of clinical research. Objective: To develop and validate a telemedicine-based MS disability examination that does not require an in-home examiner. Methods: Adults with MS were recruited after a standardized in-person Expanded Disability Status Scale (EDSS) evaluation, and within 1 week underwent a blinded televideo-enabled EDSS examination with a different clinician. EDSS and tele-EDSS scores were compared. Results: Overall, 41 adults participated (mean (standard deviation (SD)) age: 47.0 years (11.6); median EDSS: 2 (range: 0–7)); 37 required no in-home assistance for the tele-EDSS evaluation (e.g. help positioning camera). Mean difference between EDSS and tele-EDSS was 0.34 (95% confidence interval (CI): 0.07–0.61). For 88% of evaluations, tele-EDSS and EDSS scores were within 1 point (similar to reported in-person inter-rater differences). Unweighted kappa for agreement within 0.5 point was 0.72. Correlation for individual functional systems (FS) ranged from modest (vision: 0.37) to high (bowel/bladder: 0.79). Overall correlation between EDSS and tele-EDSS was 0.89 ( p &lt; 0.0001); and 0.98 ( p &lt; 0.0001) at EDSS range: 4–7. Conclusion: In this proof of principle study, disability evaluation in mild to moderate MS is feasible using telemedicine without an aide at the patient’s location.",core; openalex; pubmed; semantic_scholar,core:telepericia_avaliacao_remota:telepericia_avaliacao_remota_2; openalex:telepericia_avaliacao_remota:telepericia_avaliacao_remota_2; pubmed:telepericia_avaliacao_remota:telepericia_avaliacao_remota_2; semantic_scholar:telepericia_avaliacao_remota:telepericia_avaliacao_remota_2,0,CONCLUIDA,58,REVISAR_HUMANO,78,Teleperícia e avaliação remota,"Estudo empírico sobre avaliação médica remota de incapacidade/disability, com validação comparada ao exame presencial e potencial relação com acesso e eficiência.","Foco clínico em esclerose múltipla e avaliação funcional, sem vínculo explícito com benefícios por incapacidade, certificação médico-pericial ou fluxo administrativo.","O resumo descreve validação de exame remoto de disability (tele-EDSS) versus presencial, o que dialoga com avaliação remota e confiabilidade. Porém, aparenta ser voltado à assistência/pesquisa clínica, não à decisão pericial ou elegibilidade para benefícios.",INCLUIR,,,INCLUIR,,SIM,Curadoria v2 gerada por IA conforme prompt estruturado; revisar XLSX antes da submissão formal.,Estados Unidos; pessoas com esclerose múltipla,Desenvolver e validar exame de incapacidade em esclerose múltipla por telemedicina domiciliar sem examinador presencial.,"Estudo de prova de conceito/validação comparando EDSS presencial padronizado com tele-EDSS por vídeo, com avaliador cego.",41 adultos com esclerose múltipla.,"Alta correlação entre EDSS presencial e remoto, com 88% das avaliações dentro de 1 ponto e kappa 0,72 para concordância em 0,5 ponto. Demonstra viabilidade de avaliação remota em casos leves a moderados.","Amostra pequena; doença específica; contexto clínico e de pesquisa, não administrativo; aplicabilidade parcial a perícia geral.","Fornece evidência de que componentes da avaliação funcional podem ser realizados remotamente com concordância aceitável, apoiando desenho de teleperícia com critérios de elegibilidade e limites claros."
semantic_scholar:a5195b792622a0c94aa4179aa293b6bb1ed12e0f,"Psychometric Properties of the 12-Item World Health Organization Disability Assessment Schedule (WHODAS 2.0), Greek Version: A Cross-Sectional Study on Applicants of Welfare Benefits",Georgios Theotokatos; R. Escorpizo; T. Angelopoulos; Nikolaos Chrysagis; Jerome Bickenbach; Aikaterini Venieri; Konstantinos Karteroliotis; E. Grammatopoulou; E. Skordilis,2023,Cureus,10.7759/cureus.48588,https://www.semanticscholar.org/paper/a5195b792622a0c94aa4179aa293b6bb1ed12e0f,https://assets.cureus.com/uploads/original_article/pdf/192270/20231110-28225-doo2cw.pdf,"Introduction: The International Classification of Functioning, Disability, and Health (ICF) provides a framework for the biopsychosocial model of disability and was developed by the World Health Organization (WHO). The World Health Organization Disability Assessment Schedule (WHODAS 2.0) is an ICF-based tool that measures health and disability at the population level or in clinical practice. The aim of the study was to examine the psychometric properties of the Greek version of the WHODAS 2.0 (12-item) administered to 10,163 adults who had applied for welfare benefits in three regions of Greece. Methods: The WHODAS 2.0, administered by interview was the primary outcome variable. Principal axis factoring (PAF) and confirmatory factor analysis (CFA) assessed the data fit to the model (construct validity). The correlation between Barema disability percentage (assessed by a three-member medical committee) and WHODAS 2.0 score and the correlation between WHODAS 2.0 score and the number of comorbidities were also examined (concurrent validity). Cronbach’s alpha was used to assess the internal consistency of the questionnaire. Floor and ceiling effects were also examined. Results: Internal consistency was acceptable (Cronbach’s alpha=0.918). A significant association was found between Barema disability percentage and the WHODAS 2.0 score. Factor analysis showed a clear two-factor solution (PAF and CFA), while no floor or ceiling effects were evident. Conclusion: The Greek version of the 12-item WHODAS 2.0 was found to be reliable and valid in a wide sample of applicants for welfare benefits.",semantic_scholar,semantic_scholar:beneficios_incapacidade_avaliacao_medico_pericial:beneficios_incapacidade_avaliacao_medico_pericial_1,0,CONCLUIDA,58,REVISAR_HUMANO,74,Benefícios por incapacidade e avaliação médico-pericial,Estudo com requerentes de benefícios assistenciais e comparação entre instrumento funcional e percentual de incapacidade atribuído por comitê médico.,"Foco principal em propriedades psicométricas de instrumento, não em fluxo, triagem documental ou gestão operacional.","Há aderência parcial porque envolve applicants de welfare benefits e avaliação por comitê médico, podendo informar qualidade e consistência da avaliação. Contudo, o objetivo central é validação psicométrica do WHODAS.",INCLUIR,,,INCLUIR,,SIM,Curadoria v2 gerada por IA conforme prompt estruturado; revisar XLSX antes da submissão formal.,Grécia; requerentes de benefícios assistenciais/welfare benefits,Examinar propriedades psicométricas da versão grega de 12 itens do WHODAS 2.0 em candidatos a benefícios.,"Estudo transversal psicométrico com análise fatorial exploratória e confirmatória, consistência interna e validade concorrente.",10.163 adultos requerentes de benefícios em três regiões.,"WHODAS 2.0 apresentou alta consistência interna e validade de construto, com associação significativa entre escore WHODAS e percentual de incapacidade atribuído por comitê médico, apoiando seu uso como medida funcional padronizada.",Contexto nacional específico; instrumento de autorrelato/entrevista; não substitui julgamento pericial; sem componente tecnológico direto.,Sustenta a adoção de instrumentos estruturados e auditáveis para qualificar a análise documental e reduzir subjetividade na avaliação de funcionalidade e incapacidade.
crossref:10.1089/tmj.2016.0072,"Assessment of Aphasia Across the International Classification of Functioning, Disability and Health Using an iPad-Based Application",Guo; Togher; Power; Hutomo; Yang; Tay; Yen; Koh,2017,Telemedicine and e-Health,10.1089/tmj.2016.0072,https://doi.org/10.1089/tmj.2016.0072,https://www.liebertpub.com/doi/pdf/10.1089/tmj.2016.0072,"© 2017, Mary Ann Liebert, Inc. Background: Access2Aphasia™ is an iPad™-based aphasia assessment application that enables real-time audiovisual communication between people with aphasia (PWA) and speech-language pathologists (SLPs), and the use of supported conversation techniques. This study aimed to establish the reliability of aphasia assessment across the International Classification of Functioning, Disability and Health (ICF) using Access2Aphasia, and compare it with face-to-face (FTF) assessment. Consumer perspectives of Access2Aphasia were also examined. Materials and Methods: Thirty PWA were randomized into two conditions: online-led and FTF assessment. Participants in the online-led group were assessed remotely using Access2Aphasia™ in their own homes, while an FTF SLP scored silently simultaneously. Participants in the FTF group were assessed FTF using standard administration materials. Assessment included two subtests of the Psycholinguistic Assessment of Language Processing Activities (PALPA) and the Assessment of Living with Aphasia (ALA) to allow for outcomes to be captured across the ICF domains. Consumer perspectives on Access2Aphasia were obtained from both PWA and research SLPs in the online-led group. Results: Kappa statistics indicated moderate to almost perfect agreement between online and FTF SLPs (k = 0.71-1.00). Intrarater and interrater reliability was excellent (ICC = 0.99-1.00) and equivalent for the online-led and FTF conditions. Both PWA and research SLPs in the online-led group reported being satisfied with the experience overall, with suggestions provided by research SLPs to improve Access2Aphasia. Conclusion: This study supports the provision of iPad-based aphasia assessments across the ICF in the online environment, with comparable reliability to FTF assessments. Future research is warranted to support the development of iPad-based aphasia assessment and treatment as an alternative mode of service delivery to PWA",core; crossref; pubmed; semantic_scholar,core:telepericia_avaliacao_remota:telepericia_avaliacao_remota_2; crossref:telepericia_avaliacao_remota:telepericia_avaliacao_remota_2; pubmed:telepericia_avaliacao_remota:telepericia_avaliacao_remota_2; semantic_scholar:telepericia_avaliacao_remota:telepericia_avaliacao_remota_2,0,CONCLUIDA,32,REVISAR_HUMANO,68,Teleperícia e avaliação remota,"Estuda confiabilidade de avaliação remota versus presencial, com comparação direta e perspectivas dos usuários.","Foco em avaliação clínica de afasia, sem relação explícita com benefícios por incapacidade, certificação ou decisão administrativa.","O resumo mostra comparação entre avaliação remota e face a face, incluindo confiabilidade e experiência do usuário, aspectos úteis ao eixo de teleavaliação. Contudo, trata-se de avaliação clínica de afasia, não de perícia/benefícios, o que limita a aderência direta.",INCLUIR,,,INCLUIR,,SIM,Curadoria v2 gerada por IA conforme prompt estruturado; revisar XLSX antes da submissão formal.,"Provável Austrália/Singapura, contexto clínico internacional",Avaliar a confiabilidade de uma aplicação em iPad para avaliação de afasia baseada na CIF/ICF e compará-la com avaliação presencial.,"Estudo de confiabilidade/comparação entre avaliação remota e face a face, com randomização em condições de aplicação.",30 pessoas com afasia e avaliadores fonoaudiólogos.,Houve concordância moderada a quase perfeita entre avaliação online e presencial; a ferramenta mostrou aceitabilidade e viabilidade para avaliação remota estruturada.,"Escopo clínico específico; pequena amostra; não aborda elegibilidade administrativa, perícia, fraude ou decisão previdenciária.","Oferece evidência transferível sobre equivalência e confiabilidade de avaliação remota estruturada, útil para sustentar teleperícia/teleavaliação em etapas selecionadas do fluxo."
semantic_scholar:748f3d48ae30d701a0162660460f07515da8311e,Agreement between face-to-face and tele-assessment of upper limb disability in lung cancer survivors during COVID-19 era,Alejandro Heredia-Ciuró; A. Lazo-Prados; Paula Blasco-Valls; A. Calvache-Mateo; L. López-López; J. Martín-Núñez; M. Valenza,2022,Journal of Telemedicine and Telecare,10.1177/1357633x221079543,https://www.semanticscholar.org/paper/748f3d48ae30d701a0162660460f07515da8311e,https://europepmc.org/articles/pmc8883128?pdf=render,"Introduction Upper limb disability can limit the quality of life of lung cancer survivors. The COVID-19 era has required a finding of alternatives to attend the monitoring of presented disturbances with the minor risk of spread. Tele-assessment offers new possibilities for clinical assessment demonstrating good reliability compared to traditional face-to-face assessment in a variety of patients. No previous study has applied this type of assessment in lung cancer survivors. For this reason, the aim of this study was to evaluate the level of agreement between upper limb disability assessment using tele-assessment and the face-to-face method in lung cancer survivors. Methods A reliability study was conducted with 20 lung cancer survivors recruited from the Oncological Radiotherapy Service of the “Hospital PTS” (Granada). Patients attended a session for clinical face-to-face and real-time online tele-assessment. The main outcome measurements of the study included upper limb function (shirt task) and musculoskeletal disturbances (active range of movement and trigger points), and these outcomes were recorded by two independent researchers. Results The outcome measures showed good agreement between both assessments. The active range of movement presented heterogeneous results, being excellent reliability (ρ > 0.75) in extension, internal rotation, homolateral adduction, and contralateral abduction, good (0.4 < ρ < 0.75) for flexion, homolateral abduction, contralateral adduction and contralateral external rotation, and poor (ρ < 0.4) for homolateral external rotation. The measure evaluating upper limb function and trigger points show the highest interrater reliability with confidence interval lower limits ≥0.99. Discussion The tele-assessment of upper limb function and musculoskeletal disorders of lung cancer survivors present a good interrater reliability compared to face-to-face assessment. It could be useful for monitoring the disability presented by cancer survivors whose access is difficult by the residential situation, physical limitations or the risk of COVID-19 spread.",semantic_scholar,semantic_scholar:telepericia_avaliacao_remota:telepericia_avaliacao_remota_2,0,CONCLUIDA,28,REVISAR_HUMANO,71,Teleperícia e avaliação remota,Estudo que examina avaliação médica remota e confiabilidade entre modalidades de avaliação.,"Telemedicina predominantemente assistencial/clínica, sem relação explícita com avaliação médico-pericial ou decisão administrativa.","Há aderência parcial por comparar teleavaliação e avaliação presencial de incapacidade de membro superior, o que pode informar confiabilidade de modalidades remotas. Porém o contexto é clínico em sobreviventes de câncer, não pericial ou de benefícios.",INCLUIR,,,EXCLUIR,,SIM,Curadoria v2 gerada por IA conforme prompt estruturado; revisar XLSX antes da submissão formal.,Espanha,Comparar a concordância entre avaliação presencial e teleavaliação de incapacidade de membro superior em sobreviventes de câncer de pulmão.,Estudo de confiabilidade/comparação entre métodos.,20 sobreviventes de câncer de pulmão.,Boa concordância em várias medidas funcionais entre teleavaliação e avaliação presencial.,"Amostra pequena; contexto clínico específico; sem relação com elegibilidade, benefício, perícia ou automação documental.",Contribuição indireta e fraca; apenas reforça genericamente que avaliações remotas podem ser confiáveis em alguns domínios funcionais.
openalex:https://openalex.org/W2948620865,"Acceptability, benefits, and challenges of video consulting: a qualitative study in primary care",Eddie Donaghy; Helen Atherton; Vicky Hammersley; Hannah McNeilly; Annemieke Bikker; Lucy Robbins; John Campbell; Brian McKinstry,2019,British Journal of General Practice,10.3399/bjgp19x704141,https://doi.org/10.3399/bjgp19x704141,https://bjgp.org/content/bjgp/69/686/e586.full.pdf,"Background People increasingly communicate online, using visual communication mediums such as Skype and FaceTime. Growing demands on primary care services mean that new ways of providing patient care are being considered. Video consultation (VC) over the internet is one such mode. Aim To explore patients’ and clinicians’ experiences of VC. Design and setting Semi-structured interviews in UK primary care. Method Primary care clinicians were provided with VC equipment. They invited patients requiring a follow-up consultation to an online VC using the Attend Anywhere web-based platform. Participating patients required a smartphone, tablet, or video-enabled computer. Following VCs, semi-structured interviews were conducted with patients ( n = 21) and primary care clinicians ( n = 13), followed by a thematic analysis. Results Participants reported positive experiences of VC, and stated that VC was particularly helpful for them as working people and people with mobility or mental health problems. VCs were considered superior to telephone consultations in providing visual cues and reassurance, building rapport, and improving communication. Technical problems, however, were common. Clinicians felt, for routine use, VCs must be more reliable and seamlessly integrated with appointment systems, which would require upgrading of current NHS IT systems. Conclusion The visual component of VCs offers distinct advantages over telephone consultations. When integrated with current systems VCs can provide a time-saving alternative to face-to-face consultations when formal physical examination is not required, especially for people who work. Demand for VC services in primary care is likely to rise, but improved technical infrastructure is required to allow VC to become routine. However, for complex or sensitive problems face-to-face consultations remain preferable.",openalex,openalex:capacidade_filas_alocacao:capacidade_filas_alocacao_1,0,CONCLUIDA,20,REVISAR_HUMANO,72,Teleperícia e avaliação remota,"Examina consulta por vídeo, experiências de usuários e possíveis ganhos de acesso para pessoas com mobilidade reduzida.","Telemedicina assistencial em atenção primária, sem relação explícita com avaliação de incapacidade ou certificação.","O estudo aborda video consulting, aceitabilidade, benefícios e desafios, incluindo acesso para pessoas com problemas de mobilidade. Embora seja assistencial e não pericial, pode oferecer evidência indireta sobre avaliação remota e barreiras operacionais; requer revisão humana.",INCLUIR,,,EXCLUIR,,SIM,Curadoria v2 gerada por IA conforme prompt estruturado; revisar XLSX antes da submissão formal.,Reino Unido,Explorar experiências de pacientes e clínicos com videoatendimento na atenção primária.,Estudo qualitativo com entrevistas semiestruturadas e análise temática.,21 pacientes e 13 clínicos de atenção primária.,"Boa aceitabilidade do vídeo para seguimento, com vantagens de comunicação visual e problemas técnicos frequentes.","Contexto assistencial, pequena amostra, sem foco em incapacidade, certificação ou decisão administrativa.",Contribuição indireta e fraca; no máximo ilustra barreiras técnicas e de integração de sistemas para uso de vídeo.
semantic_scholar:30929a39a7374bd32fec20710d14f7c3ef60ff13,"An evaluation of the discriminant and predictive validity of relative social disadvantage as screening criteria for priority access to public general dental care, in Australia",K. Jones,2014,BMC Health Services Research,10.1186/1472-6963-14-106,https://www.semanticscholar.org/paper/30929a39a7374bd32fec20710d14f7c3ef60ff13,https://bmchealthservres.biomedcentral.com/counter/pdf/10.1186/1472-6963-14-106,"BackgroundMost public dental care services provide preventive, general dental care on a chronological, first come – first served basis. There is concern about lack of transparency, equity and timeliness in access to public dental services across Australia. Using social determinants as screening criteria is a novel approach to triage in dental care and is relatively untested in the literature. The research evaluated the discriminant and predictive validity of relative social disadvantage in prioritising access to public general dental care.MethodsA consecutive sample of 615 adults seeking general dental care was selected. The validation measure used was clinical assessment of priority. Nine indicators of relative social disadvantage (RSD) were collected: Indigenous status; intellectual disability; physical disability; wheelchair usage; dwelling conditions; serious medical condition; serious medical condition and taking regular medication; hospitalised within 12 months; and, regular medical visits. At the first dental visit, dentists rated care as a priority if treatment was required ≤6 months (PriorityTx) and otherwise non-priority (non-PriorityTx). A standardised dental examination was conducted. Sensitivity, specificity, positive and negative predictive value and area under the ROC curve analyses of 1+ of RSD in predicting clinical priority were calculated.ResultsIn bivariate analyses, one or more indicators of relative social disadvantage status were significantly associated with PriorityTx (P < 0.001; χ2). In multivariate analyses, one or more indicators of relative social disadvantage persisted as an independent predictor of PriorityTx (OR 3.8, 95% CI = 2.6-5.6). Compared with clinicians’ classification of PriorityTx, one or more indicators of relative social disadvantage had a sensitivity of 77.1%, and specificity of 53.3%, together with a positive predictive value of 81.9% and negative predictive value of 46.0%. ROC curve analysis supported one or more indicators of relative social disadvantage as a predictor of greater priority for access to general dental care (0.66).ConclusionsConsiderable heterogeneity exists among persons seeking public general dental care in New South Wales. RSD performs as a valid predictor of priority for access to treatment and acts as valid screening criteria for triaging priority access to treatment. Such indicators may address issues of inequality in access to general public oral health services.",semantic_scholar,semantic_scholar:equidade_qualidade_controle:equidade_qualidade_controle_1,0,CONCLUIDA,4,REVISAR_HUMANO,78,"Capacidade, filas e alocação de serviços","Examina critérios de triagem/priorização, acesso, transparência, equidade e tempo de espera em serviço público.","Contexto é cuidado odontológico público, não avaliação de incapacidade ou benefícios.","Embora fora do campo pericial, o estudo aborda diretamente critérios auditáveis de priorização e acesso em filas de serviço público, podendo ter utilidade conceitual para desenho de fluxo.",INCLUIR,,,EXCLUIR,,SIM,Curadoria v2 gerada por IA conforme prompt estruturado; revisar XLSX antes da submissão formal.,Austrália; acesso a cuidado odontológico público,Avaliar validade discriminante e preditiva de critérios de desvantagem social relativa para priorização de acesso a atendimento odontológico público.,"Estudo observacional de validação de critérios de triagem com análise de sensibilidade, especificidade, VPP, VPN e ROC.",615 adultos buscando atendimento odontológico geral público.,"Testa se indicadores sociais conseguem predizer prioridade clínica e discute transparência, equidade e tempestividade na gestão de filas.","Campo assistencial distinto; sem perícia, benefício, incapacidade, teleavaliação ou automação documental.","Contribuição apenas indireta como analogia metodológica para triagem e priorização, insuficiente para inclusão final."
